{"raw": [0.0848810151219368, 0.15625302493572235, 0.24891023337841034, 0.23710674047470093, 0.1732308566570282, 0.23964092135429382, 0.3220022916793823, 0.3137555718421936, 0.2743632197380066, 0.6370996236801147, 0.606634795665741, 0.3556377589702606, 0.6743749976158142, 0.5568298101425171, 0.689504861831665, 1.0, 0.7967047691345215, 0.6480081081390381, 0.4017352759838104, 0.6061496138572693, 0.8952116966247559, 0.3970581293106079, 0.3095214366912842, 0.4501449763774872, 0.8022904396057129, 0.42838603258132935, 0.34008410573005676, 0.4232572615146637, 0.5205278992652893, 0.2917981743812561, 0.6174938678741455, 0.4408448338508606, 0.6298189163208008, 0.38075435161590576, 0.7270082235336304, 0.5082187652587891, 0.2723676562309265, 0.1822020560503006, 0.15911772847175598, 0.39380863308906555, 0.13833974301815033, 0.21837428212165833, 0.0927797257900238, 0.14086121320724487, 0.1391630619764328, 0.14518681168556213, 0.11779820919036865, 0.09495752304792404, 0.10667001456022263, 0.10921315103769302, 0.1405799388885498, 0.1491873562335968, 0.1278839409351349, 0.13376489281654358, 0.16649436950683594, 0.08422601222991943, 0.1409628838300705, 0.11101964861154556, 0.1301230788230896, 0.19259433448314667, 0.2278222143650055, 0.22167828679084778, 0.25817540287971497, 0.2178882211446762, 0.46756213903427124, 0.37416207790374756, 0.35713762044906616, 0.30499422550201416, 0.3146646320819855, 0.14561359584331512, 0.19043484330177307, 0.2460007518529892, 0.2984931766986847, 0.5245487689971924, 0.3752383887767792, 0.2386903166770935, 0.25650545954704285, 0.14269237220287323, 0.15035326778888702, 0.26750344038009644, 0.227120503783226, 0.11243126541376114, 0.38481906056404114, 0.6094928979873657, 0.6245926022529602, 0.307886004447937, 0.33752816915512085, 0.36675477027893066, 0.13838568329811096, 0.2957373261451721, 0.31138554215431213, 0.14610859751701355, 0.30561384558677673, 0.7431316375732422, 0.8641610741615295, 0.940629243850708, 0.6620423197746277, 0.7653768062591553, 0.8797287940979004, 0.8720028400421143, 0.9022159576416016, 0.738825261592865, 0.3672560155391693, 0.44308289885520935, 0.435389906167984, 0.36487576365470886, 0.36066341400146484, 0.9380316138267517, 0.8914863467216492, 0.6935209631919861, 0.584963858127594, 0.6041140556335449, 0.5015662908554077, 0.5037277340888977, 0.2883841395378113, 0.06289076060056686, 0.129103422164917, 0.2714245319366455, 0.19882644712924957, 0.12007524818181992], "jexy": [0.22113037109375, 0.330963134765625, 0.680999755859375, 0.610809326171875, 0.440887451171875, 0.507904052734375, 0.81451416015625, 0.64361572265625, 0.221832275390625, 0.4837646484375, 0.31488037109375, 0.12249755859375, 0.633209228515625, 0.460784912109375, 0.07049560546875, 0.067535400390625, 0.01409912109375, 0.00262451171875, 0.00128173828125, 0.00421142578125, 0.0089111328125, 0.003997802734375, 0.00225830078125, 0.001739501953125, 0.017578125, 0.1588134765625, 0.476806640625, 0.26763916015625, 0.006744384765625, 0.0013427734375, 0.00274658203125, 0.018341064453125, 0.00994873046875, 0.004364013671875, 0.00250244140625, 0.00482177734375, 0.002166748046875, 0.001190185546875, 0.00164794921875, 0.00140380859375, 0.00128173828125, 0.0015869140625, 0.000885009765625, 0.032928466796875, 0.052093505859375, 0.017578125, 0.2376708984375, 0.0101318359375, 0.001983642578125, 0.11981201171875, 0.27239990234375, 0.40435791015625, 0.35980224609375, 0.3648681640625, 0.477569580078125, 0.23370361328125, 0.367889404296875, 0.26104736328125, 0.181243896484375, 0.000823974609375, 0.001861572265625, 0.556793212890625, 0.623321533203125, 0.403656005859375, 0.267181396484375, 0.00347900390625, 0.020751953125, 0.151275634765625, 0.007537841796875, 0.014923095703125, 0.001678466796875, 0.001678466796875, 0.00311279296875, 0.00518798828125, 0.528106689453125, 0.52679443359375, 0.556549072265625, 0.00244140625, 0.0013427734375, 0.00146484375, 0.0010986328125, 0.0009765625, 0.002899169921875, 0.123565673828125, 0.0352783203125, 0.0023193359375, 0.19000244140625, 0.574249267578125, 0.10406494140625, 0.001251220703125, 0.001556396484375, 0.001312255859375, 0.5384521484375, 1.0, 0.852935791015625, 0.028533935546875, 0.00372314453125, 0.00579833984375, 0.01123046875, 0.00830078125, 0.017822265625, 0.02294921875, 0.003265380859375, 0.001800537109375, 0.003143310546875, 0.00177001953125, 0.001739501953125, 0.054656982421875, 0.01708984375, 0.0072021484375, 0.016387939453125, 0.00494384765625, 0.0234375, 0.009521484375, 0.002105712890625, 0.001068115234375, 0.0015869140625, 0.00628662109375, 0.00140380859375, 0.001312255859375], "adobe": [0.28291192650794983, 0.5303564667701721, 0.8156912326812744, 0.6967867016792297, 0.454420804977417, 0.6615025997161865, 0.7303338050842285, 0.7023513317108154, 0.2497892826795578, 0.5335561037063599, 0.4736419916152954, 0.281176894903183, 0.7707491517066956, 0.500294029712677, 0.0746484100818634, 0.08917272090911865, 0.07242333889007568, 0.0669701099395752, 0.04246649891138077, 0.057894088327884674, 0.08540581911802292, 0.046007607132196426, 0.031262561678886414, 0.043127115815877914, 0.07956749200820923, 0.3224745988845825, 0.6483004689216614, 0.39408040046691895, 0.048501428216695786, 0.027701513841748238, 0.052568987011909485, 0.044812723994255066, 0.058352068066596985, 0.04029514268040657, 0.0715172290802002, 0.04355878010392189, 0.027907924726605415, 0.0184197835624218, 0.016515549272298813, 0.030743176117539406, 0.010721421800553799, 0.019330769777297974, 0.009138176217675209, 0.022436480969190598, 0.02307891845703125, 0.015980947762727737, 0.3224186897277832, 0.009838174097239971, 0.011136559769511223, 0.23353639245033264, 0.5910831689834595, 0.7528578042984009, 0.6188900470733643, 0.5858253240585327, 0.8279743790626526, 0.4019736051559448, 0.5795742273330688, 0.456231951713562, 0.3498157262802124, 0.019309673458337784, 0.06259935349225998, 0.861349880695343, 0.8824427723884583, 0.66162109375, 0.417717844247818, 0.035605255514383316, 0.6485933661460876, 0.6849327087402344, 0.027416104450821877, 0.015504385344684124, 0.015736320987343788, 0.024295764043927193, 0.024991817772388458, 0.052354395389556885, 0.7510949969291687, 0.777965784072876, 0.7947991490364075, 0.012617708183825016, 0.01672985404729843, 0.024975907057523727, 0.022074449807405472, 0.009501447901129723, 0.03826390951871872, 0.05908350273966789, 0.059741001576185226, 0.02912738174200058, 0.3856753706932068, 0.8432881832122803, 0.2323819100856781, 0.02729642577469349, 0.027501782402396202, 0.01393637154251337, 0.7603569626808167, 1.0, 0.8850275278091431, 0.08691482990980148, 0.06984182447195053, 0.06966488063335419, 0.09175726026296616, 0.082036092877388, 0.18716169893741608, 0.17647646367549896, 0.035720210522413254, 0.04116601124405861, 0.03868870437145233, 0.031162619590759277, 0.03135409578680992, 0.08174233138561249, 0.0898696780204773, 0.07198850065469742, 0.05477537214756012, 0.06130445748567581, 0.04432309791445732, 0.047898367047309875, 0.024997124448418617, 0.005350325722247362, 0.012719754129648209, 0.023866111412644386, 0.018772171810269356, 0.010008654557168484]}